Primer_name,Primer_sequence,bp
bar1-T24,TCAGACGTGTGCTCTTCCGATCTAACGTGATDDDDDDDDttttttttttttttttttttttttt,64
bar2-T24,TCAGACGTGTGCTCTTCCGATCTAAACATCGDDDDDDDDttttttttttttttttttttttttt,64
bar3-T24,TCAGACGTGTGCTCTTCCGATCTATGCCTAADDDDDDDDttttttttttttttttttttttttt,64
bar4-T24,TCAGACGTGTGCTCTTCCGATCTAGTGGTCADDDDDDDDttttttttttttttttttttttttt,64
bar5-T24,TCAGACGTGTGCTCTTCCGATCTACCACTGTDDDDDDDDttttttttttttttttttttttttt,64
bar6-T24,TCAGACGTGTGCTCTTCCGATCTACATTGGCDDDDDDDDttttttttttttttttttttttttt,64
bar7-T24,TCAGACGTGTGCTCTTCCGATCTCAGATCTGDDDDDDDDttttttttttttttttttttttttt,64
bar8-T24,TCAGACGTGTGCTCTTCCGATCTCATCAAGTDDDDDDDDttttttttttttttttttttttttt,64
bar9-T24,TCAGACGTGTGCTCTTCCGATCTCGCTGATCDDDDDDDDttttttttttttttttttttttttt,64
bar10-T24,TCAGACGTGTGCTCTTCCGATCTACAAGCTADDDDDDDDttttttttttttttttttttttttt,64
bar11-T24,TCAGACGTGTGCTCTTCCGATCTCTGTAGCCDDDDDDDDttttttttttttttttttttttttt,64
bar12-T24,TCAGACGTGTGCTCTTCCGATCTAGTACAAGDDDDDDDDttttttttttttttttttttttttt,64
bar13-T24,TCAGACGTGTGCTCTTCCGATCTAACAACCADDDDDDDDttttttttttttttttttttttttt,64
bar14-T24,TCAGACGTGTGCTCTTCCGATCTAACCGAGADDDDDDDDttttttttttttttttttttttttt,64
bar15-T24,TCAGACGTGTGCTCTTCCGATCTAACGCTTADDDDDDDDttttttttttttttttttttttttt,64
bar16-T24,TCAGACGTGTGCTCTTCCGATCTAAGACGGADDDDDDDDttttttttttttttttttttttttt,64
bar17-T24,TCAGACGTGTGCTCTTCCGATCTAAGGTACADDDDDDDDttttttttttttttttttttttttt,64
bar18-T24,TCAGACGTGTGCTCTTCCGATCTACACAGAADDDDDDDDttttttttttttttttttttttttt,64
bar19-T24,TCAGACGTGTGCTCTTCCGATCTACAGCAGADDDDDDDDttttttttttttttttttttttttt,64
bar20-T24,TCAGACGTGTGCTCTTCCGATCTACCTCCAADDDDDDDDttttttttttttttttttttttttt,64
bar21-T24,TCAGACGTGTGCTCTTCCGATCTACGCTCGADDDDDDDDttttttttttttttttttttttttt,64
bar22-T24,TCAGACGTGTGCTCTTCCGATCTACGTATCADDDDDDDDttttttttttttttttttttttttt,64
bar23-T24,TCAGACGTGTGCTCTTCCGATCTACTATGCADDDDDDDDttttttttttttttttttttttttt,64
bar24-T24,TCAGACGTGTGCTCTTCCGATCTAGAGTCAADDDDDDDDttttttttttttttttttttttttt,64
bar25-T24,TCAGACGTGTGCTCTTCCGATCTAGATCGCADDDDDDDDttttttttttttttttttttttttt,64
bar26-T24,TCAGACGTGTGCTCTTCCGATCTAGCAGGAADDDDDDDDttttttttttttttttttttttttt,64
bar27-T24,TCAGACGTGTGCTCTTCCGATCTAGTCACTADDDDDDDDttttttttttttttttttttttttt,64
bar28-T24,TCAGACGTGTGCTCTTCCGATCTATCCTGTADDDDDDDDttttttttttttttttttttttttt,64
bar29-T24,TCAGACGTGTGCTCTTCCGATCTATTGAGGADDDDDDDDttttttttttttttttttttttttt,64
bar30-T24,TCAGACGTGTGCTCTTCCGATCTCAACCACADDDDDDDDttttttttttttttttttttttttt,64
bar31-T24,TCAGACGTGTGCTCTTCCGATCTCAAGACTADDDDDDDDttttttttttttttttttttttttt,64
bar32-T24,TCAGACGTGTGCTCTTCCGATCTCAATGGAADDDDDDDDttttttttttttttttttttttttt,64
bar33-T24,TCAGACGTGTGCTCTTCCGATCTCACTTCGADDDDDDDDttttttttttttttttttttttttt,64
bar34-T24,TCAGACGTGTGCTCTTCCGATCTCAGCGTTADDDDDDDDttttttttttttttttttttttttt,64
bar35-T24,TCAGACGTGTGCTCTTCCGATCTCATACCAADDDDDDDDttttttttttttttttttttttttt,64
bar36-T24,TCAGACGTGTGCTCTTCCGATCTCCAGTTCADDDDDDDDttttttttttttttttttttttttt,64
bar37-T24,TCAGACGTGTGCTCTTCCGATCTCCGAAGTADDDDDDDDttttttttttttttttttttttttt,64
bar38-T24,TCAGACGTGTGCTCTTCCGATCTCCGTGAGADDDDDDDDttttttttttttttttttttttttt,64
bar39-T24,TCAGACGTGTGCTCTTCCGATCTCCTCCTGADDDDDDDDttttttttttttttttttttttttt,64
bar40-T24,TCAGACGTGTGCTCTTCCGATCTCGAACTTADDDDDDDDttttttttttttttttttttttttt,64
bar41-T24,TCAGACGTGTGCTCTTCCGATCTCGACTGGADDDDDDDDttttttttttttttttttttttttt,64
bar42-T24,TCAGACGTGTGCTCTTCCGATCTCGCATACADDDDDDDDttttttttttttttttttttttttt,64
bar43-T24,TCAGACGTGTGCTCTTCCGATCTCTCAATGADDDDDDDDttttttttttttttttttttttttt,64
bar44-T24,TCAGACGTGTGCTCTTCCGATCTCTGAGCCADDDDDDDDttttttttttttttttttttttttt,64
bar45-T24,TCAGACGTGTGCTCTTCCGATCTCTGGCATADDDDDDDDttttttttttttttttttttttttt,64
bar46-T24,TCAGACGTGTGCTCTTCCGATCTGAATCTGADDDDDDDDttttttttttttttttttttttttt,64
bar47-T24,TCAGACGTGTGCTCTTCCGATCTGACTAGTADDDDDDDDttttttttttttttttttttttttt,64
bar48-T24,TCAGACGTGTGCTCTTCCGATCTGAGCTGAADDDDDDDDttttttttttttttttttttttttt,64
bar49-T24,TCAGACGTGTGCTCTTCCGATCTGATAGACADDDDDDDDttttttttttttttttttttttttt,64
bar50-T24,TCAGACGTGTGCTCTTCCGATCTGCCACATADDDDDDDDttttttttttttttttttttttttt,64
bar51-T24,TCAGACGTGTGCTCTTCCGATCTGCGAGTAADDDDDDDDttttttttttttttttttttttttt,64
bar52-T24,TCAGACGTGTGCTCTTCCGATCTGCTAACGADDDDDDDDttttttttttttttttttttttttt,64
bar53-T24,TCAGACGTGTGCTCTTCCGATCTGCTCGGTADDDDDDDDttttttttttttttttttttttttt,64
bar54-T24,TCAGACGTGTGCTCTTCCGATCTGGAGAACADDDDDDDDttttttttttttttttttttttttt,64
bar55-T24,TCAGACGTGTGCTCTTCCGATCTGGTGCGAADDDDDDDDttttttttttttttttttttttttt,64
bar56-T24,TCAGACGTGTGCTCTTCCGATCTGTACGCAADDDDDDDDttttttttttttttttttttttttt,64
bar57-T24,TCAGACGTGTGCTCTTCCGATCTGTCGTAGADDDDDDDDttttttttttttttttttttttttt,64
bar58-T24,TCAGACGTGTGCTCTTCCGATCTGTCTGTCADDDDDDDDttttttttttttttttttttttttt,64
bar59-T24,TCAGACGTGTGCTCTTCCGATCTGTGTTCTADDDDDDDDttttttttttttttttttttttttt,64
bar60-T24,TCAGACGTGTGCTCTTCCGATCTTAGGATGADDDDDDDDttttttttttttttttttttttttt,64
bar61-T24,TCAGACGTGTGCTCTTCCGATCTTATCAGCADDDDDDDDttttttttttttttttttttttttt,64
bar62-T24,TCAGACGTGTGCTCTTCCGATCTTCCGTCTADDDDDDDDttttttttttttttttttttttttt,64
bar63-T24,TCAGACGTGTGCTCTTCCGATCTTCTTCACADDDDDDDDttttttttttttttttttttttttt,64
bar64-T24,TCAGACGTGTGCTCTTCCGATCTTGAAGAGADDDDDDDDttttttttttttttttttttttttt,64
bar65-T24,TCAGACGTGTGCTCTTCCGATCTTGGAACAADDDDDDDDttttttttttttttttttttttttt,64
bar66-T24,TCAGACGTGTGCTCTTCCGATCTTGGCTTCADDDDDDDDttttttttttttttttttttttttt,64
bar67-T24,TCAGACGTGTGCTCTTCCGATCTTGGTGGTADDDDDDDDttttttttttttttttttttttttt,64
bar68-T24,TCAGACGTGTGCTCTTCCGATCTTTCACGCADDDDDDDDttttttttttttttttttttttttt,64
bar69-T24,TCAGACGTGTGCTCTTCCGATCTAACTCACCDDDDDDDDttttttttttttttttttttttttt,64
bar70-T24,TCAGACGTGTGCTCTTCCGATCTAAGAGATCDDDDDDDDttttttttttttttttttttttttt,64
bar71-T24,TCAGACGTGTGCTCTTCCGATCTAAGGACACDDDDDDDDttttttttttttttttttttttttt,64
bar72-T24,TCAGACGTGTGCTCTTCCGATCTAATCCGTCDDDDDDDDttttttttttttttttttttttttt,64
bar73-T24,TCAGACGTGTGCTCTTCCGATCTAATGTTGCDDDDDDDDttttttttttttttttttttttttt,64
bar74-T24,TCAGACGTGTGCTCTTCCGATCTACACGACCDDDDDDDDttttttttttttttttttttttttt,64
bar75-T24,TCAGACGTGTGCTCTTCCGATCTACAGATTCDDDDDDDDttttttttttttttttttttttttt,64
bar76-T24,TCAGACGTGTGCTCTTCCGATCTAGATGTACDDDDDDDDttttttttttttttttttttttttt,64
bar77-T24,TCAGACGTGTGCTCTTCCGATCTAGCACCTCDDDDDDDDttttttttttttttttttttttttt,64
bar78-T24,TCAGACGTGTGCTCTTCCGATCTAGCCATGCDDDDDDDDttttttttttttttttttttttttt,64
bar79-T24,TCAGACGTGTGCTCTTCCGATCTAGGCTAACDDDDDDDDttttttttttttttttttttttttt,64
bar80-T24,TCAGACGTGTGCTCTTCCGATCTATAGCGACDDDDDDDDttttttttttttttttttttttttt,64
bar81-T24,TCAGACGTGTGCTCTTCCGATCTATCATTCCDDDDDDDDttttttttttttttttttttttttt,64
bar82-T24,TCAGACGTGTGCTCTTCCGATCTATTGGCTCDDDDDDDDttttttttttttttttttttttttt,64
bar83-T24,TCAGACGTGTGCTCTTCCGATCTCAAGGAGCDDDDDDDDttttttttttttttttttttttttt,64
bar84-T24,TCAGACGTGTGCTCTTCCGATCTCACCTTACDDDDDDDDttttttttttttttttttttttttt,64
bar85-T24,TCAGACGTGTGCTCTTCCGATCTCCATCCTCDDDDDDDDttttttttttttttttttttttttt,64
bar86-T24,TCAGACGTGTGCTCTTCCGATCTCCGACAACDDDDDDDDttttttttttttttttttttttttt,64
bar87-T24,TCAGACGTGTGCTCTTCCGATCTCCTAATCCDDDDDDDDttttttttttttttttttttttttt,64
bar88-T24,TCAGACGTGTGCTCTTCCGATCTCCTCTATCDDDDDDDDttttttttttttttttttttttttt,64
bar89-T24,TCAGACGTGTGCTCTTCCGATCTCGACACACDDDDDDDDttttttttttttttttttttttttt,64
bar90-T24,TCAGACGTGTGCTCTTCCGATCTCGGATTGCDDDDDDDDttttttttttttttttttttttttt,64
bar91-T24,TCAGACGTGTGCTCTTCCGATCTCTAAGGTCDDDDDDDDttttttttttttttttttttttttt,64
bar92-T24,TCAGACGTGTGCTCTTCCGATCTGAACAGGCDDDDDDDDttttttttttttttttttttttttt,64
bar93-T24,TCAGACGTGTGCTCTTCCGATCTGACAGTGCDDDDDDDDttttttttttttttttttttttttt,64
bar94-T24,TCAGACGTGTGCTCTTCCGATCTGAGTTAGCDDDDDDDDttttttttttttttttttttttttt,64
bar95-T24,TCAGACGTGTGCTCTTCCGATCTGATGAATCDDDDDDDDttttttttttttttttttttttttt,64
bar96-T24,TCAGACGTGTGCTCTTCCGATCTGCCAAGACDDDDDDDDttttttttttttttttttttttttt,64
